{"input_off": [[0.0100012081379743], [-1.58210771115772], [0.0], [-0.986292596557126], [-3.54011933708527e-14]], "input_gain": [[2.11918024924261], [0.296556060930654], [2.07148556660777], [0.258531095762608], [2.05219718938197]], "hidden_off": [[0.420597308281436], [-0.577080946290108], [2.20929893433493], [-0.522518174969023], [-0.0689337937983916], [2.52543498515725], [0.112931277575832], [0.813413563490202], [-0.177982835680958], [-1.38151627295386], [0.15837689512754], [-0.245285458656076], [0.120380888230773], [-0.181498719626908], [-0.594913965615295], [-0.191061572452427], [-0.216989235498582], [0.00046287652263073], [-0.174409025086577], [-0.635820095393969], [-0.152482634554558], [0.899215123964085], [0.386167976382535], [0.0114454473712821], [0.746385796695463], [-0.509676807770253], [-0.817727490785338], [-0.312114597588001], [0.157209629284167], [-0.252167818868909], [-0.796263851774262], [-1.40727498696995], [-1.04456096126157], [-0.548732431634345], [-0.421336717938562], [1.14437374211885], [-0.257428119952386], [-0.112036607521841], [-0.115499402318326], [0.113391725751238], [0.767491397209471], [-1.26585988894442], [-0.591256075397279], [-1.72826470395172], [0.572021509521735], [1.08306363064297], [2.19549175247721], [2.90274899854117], [0.727953851130531], [-4.03542445525812]], "hidden": [[0.224288994421025, -0.822326236290647, -0.0237027596888321, -0.304005694036239, 0.140589781920877], [-0.352714557653788, -0.357119342149439, -0.374983816585325, -0.291544362432892, -1.41888139608553], [0.098109024875528, 0.0480601275933853, 0.184229436552863, 0.125958465760818, 1.5768132106346], [-0.277330715783039, 0.0141364674661398, -0.102274681088747, -0.210283734152162, -0.550462236799951], [1.06855516874969, 0.230899024602403, 1.64183594992423, -0.179245377772445, 3.00411042393583], [-0.0428376377123517, -0.106838719960318, 0.060609892223098, 0.164052054635814, 1.8732168693136], [-0.17153553507022, -0.796119168452503, -0.00353877121587431, -0.126511134042065, 0.14291247802482], [-0.238092416952663, -0.166315854284335, 0.743632949551719, 0.537684553191192, 0.292270621677091], [0.245308074637627, 0.0249101821420844, -0.0464070297110232, -0.344949903825431, -0.350031481835882], [0.271865861239443, 0.240411893596211, -0.331785790879155, -1.32400090009314, 0.427746330807114], [-0.741219034539946, 0.901663055105352, -0.215369645192893, -0.443713085405694, -0.772831510373357], [-0.401770823687821, 0.384803239225053, -0.270926267743299, -0.0901346791043496, -0.754256711229915], [-0.312280579415203, -0.316415346024751, 0.902396693686024, 0.494022554615752, 0.770293884922964], [-0.484113687221659, -0.519853630519434, -0.829023947205513, -0.0181427084668642, -1.66033867368912], [0.248584596107329, 0.179992862879069, 0.282836739941596, -1.48106974035253, 0.749024307360905], [0.367574586844009, 0.367585413195657, -1.00840813970558, -0.563990515308233, -0.922790151337134], [-2.88527288695847, 2.15784243782528, -2.52085062298215, 0.0966701348694921, -3.54434330136472], [0.327410516160149, 0.457775985515392, -0.0942018775036141, 0.18982798975995, 0.270689065612165], [-1.13915715034243, 0.212917772365379, -1.61176317115771, 0.309029794170513, -2.57947971502573], [-0.162303466107735, 0.0654013157170746, -0.58782679680548, 0.426355881343954, -0.439266790338269], [-0.601902923818557, -0.281160404503132, -0.629144477519667, 1.21675162415879, -0.919709987362005], [-0.37777900883905, -0.202300506384868, 0.110332064178891, -0.0330103226038788, 0.360252226473998], [-0.0862123586053918, 0.00790265247335443, 0.574658330465435, 0.237348188912928, 2.12135709645751], [0.286600765120765, 1.38046824433084, -1.10869658734621, -0.179132300804389, -1.47808054019946], [0.447060599660872, -0.0689284660113579, -0.14147834241632, 0.0908802648326497, -0.530676166026336], [-0.447859680621868, 0.219000568982228, 0.703662299807282, -0.914826835953778, -0.114080553769308], [-0.0894643770600248, -0.823527989481008, 0.545406473185465, 0.258355717561092, 0.765995034643585], [-0.0922816158982569, -0.212858625258642, 0.241266192073011, 0.408089559606064, 0.0978913167734528], [-0.341376534998993, -0.496302017220871, 0.367078247348305, -0.0977033463807113, 0.513831975414243], [0.268889260600525, 0.210178529365713, 1.76946433562133, -2.4893617097085, 1.69695923682284], [0.43888881113146, -2.0682024739327, -0.128848065289137, 0.0368441501077994, 0.218163945522842], [-0.281609759610506, -0.366164355457754, -0.196232195999107, -0.56121667248032, -1.52705518421489], [-0.680706660147911, 0.275884526055347, -1.11099459353588, 0.688278498632226, -1.50391639989109], [0.549542820287118, -2.36811227128211, -0.0538976352868, 0.0971936425725369, 0.439845660667845], [-0.516042779306268, 0.268766362943009, 0.660807964648138, -0.887284126415183, -0.058180629077423], [0.489026386750491, 0.0645155204609311, 0.543425634017316, -0.0122218310929586, -0.0284877783903459], [-0.315400413836734, -1.11812922810957, 0.931559605422095, 0.11316972427298, 1.22481201920689], [0.39770429732321, 0.226701608532337, 0.561360447238146, -1.86995876250408, 1.0651962304233], [0.00230709872881911, -0.226585306650664, -0.938373300394747, 1.29886017936284, -0.639960445423151], [-0.599312100609457, 0.417315342018811, 0.112926004111897, -0.35171829251524, 0.0231476553700664], [0.0917817416995534, 0.0735026852616051, 0.941986210352237, 0.428938815958551, 2.85048312988583], [-0.00350696091732226, -1.65016051542174, -0.168887230586231, 0.00872013877220559, 0.0156467221257911], [-0.357499556334283, -0.530061457684022, -0.217373949373509, -0.0090501088104137, -0.520257724561875], [-0.694101444530798, -1.86009650026461, 1.75941593824702, 0.122673069301447, 2.24654286440325], [0.584128079587383, -1.27173409545689, 0.789416332786825, -0.209760360836955, 0.150790715464579], [0.231646100658099, 0.0921870459754225, 1.26639712919994, 0.627648528934301, 3.47367486007884], [0.21386125599082, 0.292255339428322, 0.314150259145485, -0.809000001683261, 0.692106519917845], [0.147847227703675, 0.858466837569562, -1.5344082364143, 0.350779293365462, -2.95622963699419], [-0.282683839795508, 2.66193456319125, 0.0246801679331341, -0.159850127644916, -0.582110834238589], [-7.43010228681295, -0.0908007534550174, -8.20044809297669, 0.166320414970913, -9.82019709475602]], "out_off": [[0.206311422724763]], "out": [[0.426588812633202, -0.683241364957533, 1.91635274129561, 1.32729284283485, 1.3442282335996, -0.955212454178857, -1.01660920300126, 0.635142240521006, 1.45509519057599, -1.28058143508757, -0.675657676871042, 1.20072759913307, 1.80620068839998, -0.77464146478628, 2.58464599433642, 0.981372088178839, -2.08882509850893, -1.07664671634709, 1.62707170588516, 1.55136011983857, -0.542706866733826, 2.08318726255325, 1.25792669363197, 0.804321353199424, 2.92589704588691, 0.654884913683752, -3.62518767393353, -2.53401879851049, 2.07786961405145, -0.355156389084439, 1.71007833703401, -0.206038553820348, 0.289714747959411, -0.983689234909219, -0.638247440050491, -0.755558598907618, 2.71927871089184, -0.773024679989534, 0.567917567011131, -1.00861719038303, -1.31720853727519, -1.61765959693612, -1.32303281380642, 0.864266166808354, 0.03610320587857, 0.474789289223969, -0.794653748143663, 3.32596060167429, -0.249582449979735, -5.82392020549738]], "offset": [[0]], "gain": [[2.07537915669333]]}