{"input_off": [[0.0100012081379743], [-1.58210771115772], [0.0], [-0.986292596557126], [-3.54011933708527e-14]], "input_gain": [[2.11259481445713], [0.296556060930654], [2.07148556660777], [0.220846291906981], [2.05219718938197]], "hidden_off": [[2.27355515406834], [-0.345287590575306], [1.84354403683764], [0.905355432993069], [-0.152816563845648], [-1.7896146689342], [0.458357581681438], [-2.58769474390752], [0.453465322667168], [1.02570690648961], [0.918757114276095], [2.18409679046285], [-0.558533081013878], [0.489082223244814], [3.01113546346042], [1.69680144373786], [-17.7676239998991], [0.0825616715705128], [2.51454357340538], [-3.69095696436903], [14.7847057873373], [0.16704570681493], [0.370024280757603], [-1.45915976333474], [3.4776831211731], [-2.05035825330009], [11.5809394438257], [-6.46969018333688], [8.97082423119533], [6.00030233975422], [6.9943957187934], [2.48440893625596], [6.51215847559792], [-1.32402550208661], [16.1240283587967], [-1.49706823328748], [1.31963716680027], [-2.88283878196962], [9.3673373689925], [-0.0287077820699619], [0.442279430342385], [-3.35145206749365], [2.73742786195683], [-2.99788420789079], [-0.765445103006634], [-5.29119186472316], [0.713977190887899], [-0.579753977832548], [-0.823370745590093], [-5.64692593946629]], "hidden": [[2.24842187317532, -1.63112682935702, -0.578548296801718, 2.99519614455444, -0.110456312881493], [-0.432131357197975, 0.912016271539566, -0.346627301131525, -1.09165809289675, -0.13873938626571], [0.572129323470651, 0.278365749465, 0.091452083632215, -0.00241612771568554, -0.239176920747856], [0.7769747796027, -0.843698872465534, 0.198341298521825, 1.72640688903086, -0.0993322072262281], [-0.102966910257766, -0.352397589519318, -1.70324064311599, 0.59873242989708, -1.0716053733966], [-2.04670118671984, 1.30420390488836, 0.601270568164368, -2.47682969438789, 0.0866397477003621], [0.365894876026672, 0.203311317189238, 1.80500060901002, -0.222114944642811, 1.36372970844281], [-1.43113239754882, 1.20636829438952, 1.32212640879752, -1.80966155846287, 0.374927309874807], [1.7877852813455, 0.79431285993619, -0.649451548371137, 0.526535504507231, -0.0908356522685756], [0.258287373071449, 0.0534931979135031, -0.675885199545635, 0.990054047687045, -0.63991833273899], [1.08374161288567, -1.18429721583162, 0.113483691083826, 2.14084451978292, -0.114074921729633], [2.13647928018039, -0.572182438623046, -0.732984572335055, 1.14672406953304, -0.0404395559837401], [-0.318578352128536, -0.10536931046335, -0.705242631344556, -0.410145080751927, -0.662266715522116], [-0.549227793366598, 1.02285720763773, 0.773153963458143, -1.13899820160413, -0.378188360503506], [0.499574554476804, -1.82512547822083, -6.02524228332663, 2.95046967776178, -4.48075988135018], [2.20923427897027, -1.4576100885276, -0.638985034643571, 2.74809036653954, -0.0959685180700848], [-15.0738219724013, -0.519053622726425, 0.0496374206110832, -0.312007857437731, -0.159908887202351], [0.143418200419586, 0.388047448181704, 1.70750928527307, -0.752452174155584, 0.856337774097456], [2.45324497119246, -0.634224932349136, -0.863109795207023, 0.962080544334097, -0.00202041920458], [-2.08256346992166, 1.98118677723778, 2.70436587972297, -3.31312572737811, 0.917041351120989], [14.6749357962018, -0.631761878013501, -0.814550236705366, 1.24414685435408, -0.107112298909312], [0.0404730835787164, -0.754317130014479, 0.131510331438593, -0.0514146600480113, 0.148595025879683], [0.0675921892305165, -0.529783549752755, 0.312636088185891, 0.505419765636199, -0.019846064108962], [-0.0618451268459629, -1.3790173139916, -0.117810587925968, -0.00673506336048399, -0.0432465257273525], [5.16965946537948, 0.0528409544576477, 5.73652008171015, -0.0861454206879011, 6.49098418480824], [-1.54721815235441, 1.41258127361417, 2.28702324571825, -2.56454620007227, 0.84072067133326], [11.2888498115353, -0.212470792234554, -0.844272441776581, 0.527824228634009, -0.164704134917225], [-5.46581193438809, 1.43049040657472, 1.06205337076133, -4.4979515485108, 0.203751818071194], [9.05211344251308, -0.744093971330992, -0.226953193293111, 1.2243948040743, -0.126585425561852], [4.54413232880205, -1.43584925975528, -0.535444004458831, 4.21182422227551, -0.165341884936707], [2.57375998874944, -0.366218961238186, 2.6101900522158, -0.116652620558732, 2.28690922765784], [2.46088110549865, -0.417924979484858, 1.0044445674048, 0.786200447661572, 0.102500054112208], [6.97105686248343, -1.20617580195051, 0.424387809136347, 1.7111677330562, 0.0715127165145497], [-0.382952223751506, 0.293303333985046, -0.464645938379326, -1.08139749733259, -0.0977834014912562], [16.0517178614255, -0.958478995827494, -0.839188782170897, 1.79188041660738, -0.118953705278071], [-1.02622359402211, -0.309406561943977, -0.00771637825203657, -0.0743314825319115, 0.148217085230231], [0.188960008234041, 1.12663276279617, 0.297599719763877, 0.0203594590438296, 0.215673631942372], [-1.09074793214633, 0.726114013473657, -1.20135887705752, -0.093884454143701, -1.13790406575809], [9.50879972536615, -0.832679137277868, -0.205752210850186, 1.34546769725003, -0.116271349640232], [0.179951461042719, 0.840946164092643, 0.138480385087696, 0.0894654585168356, 0.0502288861651546], [0.284189335532032, -0.635271873244255, 0.475752935940154, -0.0311348829746476, 0.388905172895194], [-0.949944781722305, -0.810838757803985, -0.616002200598755, 0.0424603775185084, -0.48463608427352], [2.66373574315208, -0.416155274794174, -1.04006589481289, 0.474626289714332, -0.0222076793894626], [-5.37414350126302, -0.0138152865105738, -6.17504427988871, 0.0860109373665376, -6.62830896901579], [-1.14198529658653, -1.29181044900341, 1.44891434851612, 2.32062204634485, 0.0437290165209184], [-4.02813455074707, 1.52125826043075, 1.03626316336379, -4.54308686134559, 0.0905003956804776], [0.308729348860264, 0.024435910502298, -1.04767770005309, 0.929708894527682, -0.734156316522552], [-0.654370320583345, 0.431988490948838, 1.39999538780075, -1.06208177570857, 0.802665462853901], [-0.550600049474263, 0.0676066914761377, -1.1809141357991, 0.103381155962222, -0.260684475854937], [-3.9693308481722, 1.48993535597184, 0.416073908140642, -4.280427125327, 0.127089456133996]], "out_off": [[-3.18002154881872]], "out": [[2.93257858060098, -1.2528055705614, 9.56750438960048, -2.40479235382292, 7.26051272458542, 7.28182625229003, 2.80479595193397, -12.5826902369635, 0.0844024040477081, -6.87553625297694, 1.47385535287072, 5.95932126169584, -1.019710577883, 0.221847474453033, -5.80807321571574, 2.99766964411474, -4.76128969743312, 3.99003010747095, -5.63086040628529, 4.913847447474, -3.33836839962966, 10.0548036025171, -2.93652126595139, 5.84236787381838, -1.61874856846937, 1.76400016858014, 1.79421263584565, -1.92197842006119, -4.5417027139907, -6.33335482507086, -0.16735792955051, 0.138131678776238, 0.0962825771278659, -1.96099066857705, 2.26001054161451, 3.47967437014541, 4.79756245482178, 0.507981122261816, 3.97840535411836, 3.22544789581636, -7.5565687780406, -4.82818888123991, 1.7812869909865, -11.5616113033564, -0.0391643984373555, 1.89905193489873, 8.72067684162629, 4.15934887629366, -0.661537422456156, -6.06562017273838]], "offset": [[-1]], "gain": [[0.4]]}