{"input_off": [[3.62203314396847e-06], [-2.04746181582524], [0.0104160530910069], [-0.986292596557126], [0.0]], "input_gain": [[2.21227408223644], [0.282704642908514], [2.06663419539165], [0.220846291906981], [2.04965453403404]], "hidden_off": [[-3.3417326506249], [0.247055448151912], [4.50451697193479], [-1.54540074446249], [-4.21802156706776], [-1.18144562406957], [-0.632733126511529], [3.98767529206202], [0.417108263513129], [-0.32713303970374], [3.65966433524035], [-1.97581621355794], [2.25699087970844], [-1.41299123249397], [-2.73328146898774], [-0.098082205065865], [-2.27775286306823], [0.824843496642511], [4.46433707265802], [-2.39824119672662]], "hidden": [[-0.0326990951937919, 0.139392235895103, -1.94834092332454, 1.81463777072502, 0.167089485701978], [0.0163153338088754, -0.0458169568894785, -0.137903819640983, -0.635283722611948, -0.0113012248652383], [0.590697952397776, 0.0126096699430893, 0.284221050019931, 3.66964181636895, 0.0725643140125022], [0.522871718506021, 0.121786745185305, -0.550629669578319, 1.01835811234994, 0.787795728861852], [-0.982611020331569, 0.000613439074906084, -1.196183443969, 0.0487161814786543, -1.29897007177998], [-0.0537042408033262, 0.020308738947564, -0.562625819841144, 0.486462174294019, -0.0167046160505548], [0.42900893169023, -0.956570308299596, 0.817476677254455, 0.814341863708832, -0.0864752216130045], [1.1426861025587, -0.147093566291626, 1.07541410512783, 1.6986566470633, 0.736696470128567], [-0.33101127954833, 1.46633596981999, 0.222329706954638, 1.6453676363135, 1.20073561259303], [-0.102909198232939, 0.0801348990593715, -0.997319082870996, 0.838931766181011, -0.0200715736662482], [0.573856496868944, 0.482989220114123, 0.339327985902051, 0.603265366271777, -0.962446660846786], [0.469208352312419, -0.295058630327945, -0.0922843700298537, -1.02940815805146, 0.826194517076295], [0.514531899608385, 0.0223564661820471, -0.0167994220222836, -1.90691561512058, -0.127163961403297], [-0.085996421263542, 0.077912516939678, -1.1789266592151, 1.02454454854609, 0.0114501027967702], [-0.40134742696812, 0.0228092403040409, -0.942352464381418, -1.73967524384665, -0.0423651721786959], [-2.04035446226685, -0.00325110742337772, -2.01201346515081, 0.0123009317432774, -2.75399211185738], [-0.409669619980896, -0.02588863515125, -0.0312138207780023, 1.33337306395484, 0.0990046094145951], [2.23381075902415, 0.0429547559137905, 2.02782525401945, -0.0101676265636044, 2.96577033967119], [1.21432504152209, 0.00105820764245498, 1.39025350614343, 0.0148367785782748, 1.60978763814368], [-0.117776585276782, -0.0286433161289784, -0.564820039005276, -1.33334001034837, 0.11837701243734]], "out_off": [[-0.2599715980586]], "out": [[-0.723112116044146, -1.36134099873921, -0.649603518496071, 0.339572223137591, -3.21040960498713, 5.67689484358868, 0.0559651641932818, 0.270752775468187, -0.00229782194621732, -0.524682166389434, 1.12250115304801, 1.2594299089203, -0.719988233069561, -1.27694561454983, 0.883616396381236, -2.01554590930704, -2.07280587753177, -0.545708492964514, -1.23734066889068, -3.17050594458936]], "offset": [[-0.849485002168009]], "gain": [[0.238668214493727]]}